date,presenter,pmid,notes,pdf
2025-10-31,,41171293,,
2025-10-31,,41171291,,
2025-10-31,,41171285,,
2025-10-31,,41171284,,
2025-10-31,,41171266,,
2025-10-31,,41171265,,
2025-10-31,,41171258,,
2025-10-31,,41171255,,
2025-10-31,,41171089,,
2025-10-31,,41170812,,
2025-10-30,,41165718,,
2025-10-30,,41165717,,
2025-10-30,,41165716,,
2025-10-30,,41165715,,
2025-10-30,,41165702,,
2025-10-30,,41165699,,
2025-10-30,,41165688,,
2025-10-30,,41165685,,
2025-10-30,,41165684,,
2025-10-30,,41165682,,
2025-10-30,,41165681,,
2025-10-30,,41165680,,
2025-10-30,,41165679,,
2025-10-30,,41165676,,
2025-10-30,,41165672,,
2025-10-30,,41165077,,
2025-10-30,,41165069,,
2025-10-30,,41165068,,
2025-10-30,,41165060,,
2025-10-30,,41164995,,
2025-10-29,,41160415,,
2025-10-29,,41160046,,
2025-10-29,,41160035,,
2025-10-29,,41160021,,
2025-10-29,,41160009,,
2025-10-29,,41159835,,
2025-10-29,,41159833,,
2025-10-29,,41159832,,
2025-10-29,,41159826,,
2025-10-29,,41159825,,
2025-10-29,,41159824,,
2025-10-29,,41159812,,
2025-10-29,,41159727,,
2025-10-29,,41159714,,
2025-10-29,,41159677,,
2025-10-29,,41159661,,
2025-10-29,,41159249,,
2025-10-29,,41158109,,
2025-10-29,,41158102,,
2025-10-27,,41151453,,
2025-10-28,,41147986,,
2025-10-28,,41147520,,
2025-10-27,,41144826,,
2025-10-27,,41144815,,
2025-10-27,,41144245,,
2025-10-27,,41144242,,
2025-10-27,,41143927,,
2025-10-27,,41143832,,
2025-10-27,,41143830,,
2025-10-27,,41143822,,
2025-10-27,,41143809,,
2025-10-27,,41143807,,
2025-10-27,,41143461,,
2025-10-27,,41143434,,
2025-10-27,,41143389,,
2025-10-26,,41139237,,
2025-10-24,,41138441,,
2025-10-25,,41138146,,
2025-10-23,,41135212,,
2025-10-24,,41134592,,
2025-10-24,,41134591,,
2025-10-24,,41134590,,
2025-10-24,,41134589,,
2025-10-24,,41134584,,
2025-10-24,,41134583,,
2025-10-24,,41134580,,
2025-10-24,,41134568,,
2025-10-24,,41134567,,
2025-10-24,,41134564,,
2025-10-24,,41134554,,
2025-10-24,,41133943,,
2025-10-24,,41133930,,
2025-10-24,,41133918,,
2025-10-24,,41133279,,
2025-10-22,,41130892,,
2025-10-22,,41130891,,
2025-10-22,,41130890,,
2025-10-22,,41130028,,
2025-10-22,,41130027,,
2025-10-22,,41130026,,
2025-10-23,,41129177,,
2025-10-23,,41129174,,
2025-10-23,,41129163,,
2025-10-23,,41129161,,
2025-10-23,,41129160,,
2025-10-23,,41129143,,
2025-10-23,,41129141,,
2025-10-23,,41129139,,
2025-10-23,,41129137,,
2025-10-23,,41129123,,
2025-10-23,,41129122,,
2025-10-23,,41129120,,
2025-10-23,,41128178,,
2025-10-23,,41127944,,
2025-10-23,,41127932,,
2025-10-23,,41127925,,
2025-10-23,,41126754,,
2025-10-21,,41124841,,
2025-10-22,,41124356,,
2025-10-22,,41124070,,
2025-10-22,,41124062,,
2025-10-22,,41123939,,
2025-10-22,,41123932,,
2025-10-22,,41123923,,
2025-10-22,,41123919,,
2025-10-22,,41123916,,
2025-10-22,,41123915,,
2025-10-22,,41123913,,
2025-10-22,,41123911,,
2025-10-22,,41123025,,
2025-10-22,,41123007,,
2025-10-22,,41122999,,
2025-10-21,,41117850,,
2025-10-21,,41117849,,
2025-10-21,,41117848,,
2025-10-21,,41117789,,
2025-10-21,,41117774,,
2025-10-21,,41117769,,
2025-10-21,,41117768,,
2025-10-21,,41117516,,
2025-10-21,,41117384,,
2025-10-21,,41117370,,
2025-10-21,,41117365,,
2025-10-21,,41117299,,
2025-10-20,,41115002,,
2025-10-20,,41115001,,
2025-10-20,,41115000,,
2025-10-20,,41114994,,
2025-10-20,,41114993,,
2025-10-20,,41114991,,
2025-10-20,,41114973,,
2025-10-20,,41114969,,
2025-10-20,,41114968,,
2025-10-20,,41114967,,
2025-10-20,,41114965,,
2025-10-20,,41111462,,
2025-10-18,,41110385,,
2025-10-18,,41110384,,
2025-10-17,,41109787,,
2025-10-17,,41108908,,
2025-10-17,,41108907,,
2025-10-17,,41107205,,
2025-10-17,,41105577,,
2025-10-17,,41105422,,
2025-10-17,,41105421,,
2025-10-17,,41105420,,
2025-10-17,,41105419,,
2025-10-17,,41105413,,
2025-10-17,,41105404,,
2025-10-17,,41105403,,
2025-10-17,,41105402,,
2025-10-17,,41104810,,
2025-10-17,,41104796,,
2025-10-16,,41100125,,
2025-10-16,,41100124,,
2025-10-16,,41100121,,
2025-10-16,,41100117,,
2025-10-16,,41100116,,
2025-10-16,,41100109,,
2025-10-16,,41100108,,
2025-10-16,,41100107,,
2025-10-16,,41100100,,
2025-10-16,,41100099,,
2025-10-16,,41100095,,
2025-10-16,,41100094,,
2025-10-16,,41100093,,
2025-10-16,,41100079,,
2025-10-16,,41099405,,
2025-10-16,,41099387,,
2025-10-15,,41091890,,
2025-10-15,,41091540,,
2025-10-15,,41091528,,
2025-10-15,,41091526,,
2025-10-15,,41091522,,
2025-10-15,,41091514,,
2025-10-15,,41091512,,
2025-10-15,,41091502,,
2025-10-15,,41091498,,
2025-10-15,,41091491,,
2025-10-15,,41091484,,
2025-10-15,,41091482,,
2025-10-15,,41090702,,
2025-10-14,,41088730,,
2025-10-13,,41087248,,
2025-10-13,,41087247,,
2025-10-14,,41085578,,
2025-10-14,,41085095,,
2025-10-13,,41082372,,
2025-10-13,,41082366,,
2025-10-13,,41082218,,
2025-10-13,,41082212,,
2025-10-13,,41082196,,
2025-10-13,,41082194,,
2025-10-13,,41082187,,
2025-10-13,,41081473,,
2025-10-13,,41081468,,
2025-10-13,,41081462,,
2025-10-13,,41081455,,
2025-10-12,,41076589,,
2025-10-12,,41076588,,
2025-10-12,,41076587,,
2025-10-10,,41076354,,
2025-10-10,,41076353,,
2025-10-11,,41075281,,
2025-10-11,,41074706,,
2025-10-11,,41074698,,
2025-10-10,,41071577,,
2025-10-10,,41071576,,
2025-10-10,,41071574,,
2025-10-10,,41071570,,
2025-10-10,,41071565,,
2025-10-10,,41071558,,
2025-10-10,,41071545,,
2025-10-10,,41071544,,
2025-10-10,,41070703,,
2025-10-10,,41070633,,
2025-10-09,,41069023,,
2025-10-01,,41066119,,
2025-10-09,,41066102,,
2025-10-09,,41066101,,
2025-10-09,,41066100,,
2025-10-09,,41066095,,
2025-10-09,,41066092,,
2025-10-09,,41066090,,
2025-10-09,,41066088,,
2025-10-09,,41065647,,
2025-10-09,,41065642,,
2025-10-09,,41065638,,
2025-10-09,,41065188,,
2025-10-07,,41061455,,
2025-10-08,,41060922,,
2025-10-08,,41060661,,
2025-10-08,,41060633,,
2025-10-08,,41060628,,
2025-10-08,,41060627,,
2025-10-08,,41060626,,
2025-10-08,,41060624,,
2025-10-08,,41060623,,
2025-10-08,,41060621,,
2025-10-08,,41059927,,
2025-10-08,,41059917,,
2025-10-08,,41059905,,
2025-10-08,,41059564,,
2025-10-08,,41058606,,
2025-10-06,,41056766,,
2025-10-07,,41055661,,
2025-10-07,,41055660,,
2025-10-07,,41055659,,
2025-10-07,,41055658,,
2025-10-07,,41055657,,
2025-10-07,,41055227,,
2025-10-07,,41054944,,
2025-10-06,,41053966,,
2025-10-06,,41051784,,
2025-10-06,,41051762,,
2025-10-06,,41051759,,
2025-10-06,,41051755,,
2025-10-06,,41051749,,
2025-10-06,,41051746,,
2025-10-06,,41051744,,
2025-10-06,,41051742,,
2025-10-06,,41051123,,
2025-10-06,,41051015,,
2025-Nov,,41048194,,
2025-10-06,,41048191,,
2025-10-03,,41046239,,
2025-10-04,,41045294,,
2025-10-04,,41045293,,
2025-10-04,,41045292,,
2025-10-04,,41045125,,
2025-10-04,,41045117,,
2025-10-04,,41045113,,
2025-10-04,,41045102,,
2025-10-04,,41045095,,
2025-10-03,,41042537,,
2025-10-03,,41042535,,
2025-10-03,,41042533,,
2025-10-03,,41042530,,
2025-10-03,,41042521,,
2025-10-03,,41042520,,
2025-10-03,,41042518,,
2025-10-03,,41042505,,
2025-10-03,,41041955,,
2025-10-03,,41041862,,
2025-10-03,,41041822,,
2025-10-01,,41039690,,
2025-10-01,,41038737,,
2025-10-02,,41037309,,
2025-10-02,,41037306,,
2025-10-02,,41037305,,
2025-10-28,,41037295,,
2025-10-02,,41037291,,
2025-10-02,,41037290,,
2025-10-02,,41037286,,
2025-10-02,,41037280,,
2025-10-28,,41037279,,
2025-10-02,,41037278,,
2025-10-02,,41037263,,
2025-10-02,,41035368,,
2025-10-01,,41035311,,
2025-10-01,,41032406,,
2025-10-01,,41032404,,
2025-10-01,,41032401,,
2025-10-01,,41032334,,
2025-10-01,,41032314,,
2025-10-01,,41032309,,
2025-10-01,,41032307,,
2025-10-01,,41032306,,
2025-10-01,,41032295,,
2025-10-01,,41032290,,
2025-10-01,,41032289,,
2025-10-01,,41030155,,
2025-10-01,,41030111,,
2025-10-01,,41030087,,
2025-10-28,,41026481,,
2025-10-28,,41004186,,
2025-10-28,,41004178,,
2025-10-28,,41004171,,
2025-10-28,,41004143,,
2025-10-28,,41004141,,
2025-10-28,,41004139,,
2025-10-28,,41004138,,
2025-10-28,,41004136,,
2025-10-21,,40996758,,
2025-10-28,,40991282,,
2025-10-28,,40991275,,
2025-10-28,,40991255,,
2025-10-21,,40986422,,
2025-10-21,,40971178,,
2025-10-21,,40971177,,
2025-10-21,,40971174,,
2025-10-21,,40971173,,
2025-10-21,,40971172,,
2025-10-21,,40971162,,
2025-10-21,,40971161,,
2025-10-21,,40971153,,
2025-10-28,,40965902,,
2025-10-21,,40965898,,
2025-10-28,,40965897,,
2025-10-28,,40965896,,
2025-10-14,,40965893,,
2025-10-28,,40965874,,
2025-10-28,,40965860,,
2025-10-14,,40960851,,
2025-10-28,,40960850,,
2025-10-28,,40960844,,
2025-10-28,,40960842,,
2025-10-28,,40960823,,
2025-10-28,,40960821,,
2025-10-28,,40960820,,
2025-10-21,,40960806,,
2025-10-28,,40960800,,
2025-10-07,,40952854,,
2025-10-28,,40952765,,
2025-10-14,,40952748,,
2025-10-07,,40952747,,
2025-10-21,,40952732,,
2025-10-14,,40952725,,
2025-10-21,,40952721,,
2025-10-14,,40952711,,
2025-10-14,,40938612,,
2025-10-14,,40938609,,
2025-10-14,,40938607,,
2025-10-14,,40938605,,
2025-10-14,,40938604,,
2025-10-14,,40938595,,
2025-10-14,,40938593,,
2025-Oct,,40935728,,
2025-10-21,,40932712,,
2025-10-21,,40932711,,
2025-10-07,,40932710,,
2025-10-14,,40932709,,
2025-10-21,,40932705,,
2025-10-14,,40932439,,
2025-10-21,,40932317,,
2025-10-21,,40932315,,
2025-10-21,,40932314,,
2025-10-21,,40932304,,
2025-Oct,,40930941,,
2025-10-14,,40928934,,
2025-10-21,,40928805,,
2025-10-14,,40928804,,
2025-10-21,,40928800,,
2025-10-21,,40928795,,
2025-10-07,,40928788,,
2025-10-07,,40928773,,
2025-10-21,,40928771,,
2025-Oct,,40926452,,
2025-Oct,,40925776,,
2025-10-14,,40920411,,
2025-10-07,,40920409,,
2025-10-07,,40920401,,
2025-10-14,,40920372,,
2025-10-07,,40920367,,
2025-Oct,,40912133,,
2025-Oct,,40912132,,
2025-Oct,,40912131,,
2025-10-07,,40911333,,
2025-10-07,,40911332,,
2025-10-07,,40911321,,
2025-10-14,,40911320,,
2025-10-07,,40911319,,
2025-10-14,,40911318,,
2025-10-07,,40911316,,
2025-10-07,,40911314,,
2025-10-07,,40911313,,
2025-10-07,,40911303,,
2025-Oct,,40907073,,
2025-10-21,,40906494,,
2025-10-21,,40906492,,
2025-10-14,,40906490,,
2025-10-07,,40906488,,
2025-10-01,,40906487,,
2025-10-01,,40906486,,
2025-10-14,,40906484,,
2025-10-14,,40906482,,
2025-10-01,,40906474,,
2025-10-01,,40906473,,
2025-10-01,,40906472,,
2025-10-01,,40906468,,
2025-10-14,,40906466,,
2025-10-28,,40900610,,
2025-10-14,,40900609,,
2025-10-14,,40900608,,
2025-10-14,,40900584,,
2025-10-07,,40900579,,
2025-10-07,,40900575,,
2025-10-07,,40900552,,
2025-10-14,,40886309,,
2025-10-14,,40886075,,
2025-Oct,,40888869,,
2025-10-07,,40887995,,
2025-10-28,,40884493,,
2025-10-28,,40884491,,
2025-10-21,,40878848,,
2025-10-14,,40886311,,
2025-10-28,,40884494,,
2025-10-01,,40875250,,
2025-10-01,,40875244,,
2025-10-01,,40875240,,
2025-Oct,,40879887,,
2025-Oct,,40879609,,
2025-Oct,,40879607,,
2025-Oct,,40879521,,
2025-Oct,,40879266,,
2025-Oct,,40879048,,
2025-Oct,,40876073,,
2025-10-28,,40875572,,
2025-10-07,,40875242,,
2025-10-01,,40875225,,
2025-10-01,,40875219,,
2025-10-28,,40875216,,
2025-10-07,,40875215,,
2025-10-14,,40875211,,
2025-10-01,,40875210,,
2025-10-01,,40875206,,
2025-10-01,,40875204,,
2025-10-07,,40875202,,
2025-Oct,,40865388,,
2025-Oct,,40865387,,
2025-10-07,,40864438,,
2025-10-07,,40864435,,
2025-Oct,,40856004,,
2025-10-01,,40855751,,
2025-10-01,,40839358,,
2025-10-07,,40853677,,
2025-10-07,,40853651,,
2025-Oct,,40844498,,
2025-Oct,,40840212,,
2025-Oct,,40840211,,
2025-10-01,,40839349,,
2025-10-01,,40839277,,
2025-10-21,,40833740,,
2025-Oct,,40825084,,
2025-10-01,,40820310,,
2025-10-01,,40820301,,
2025-Oct,,40810992,,
2025-10-01,,40810991,,
2025-10-01,,40810987,,
2025-10-14,,40810946,,
2025-10-21,,40788641,,
2025-10-21,,40788628,,
2025-Oct,,40782117,,
2025-Oct,,40779854,,
2025-10-07,,40773212,,
2025-Oct,,40758285,,
2025-Oct,,40758246,,
2025-Oct,,40747720,,
2025-Oct,,40736514,,
2025-10-07,,40736371,,
2025-10-01,,40728905,,
2025-10-01,,40720946,,
2025-10-28,,40720119,,
2025-Oct,,40719035,,
2025-10-14,,40690248,,
2025-Oct,,40679114,,
2025-10-01,,40674772,,
2025-10-21,,40674064,,
2025-10-07,,40658405,,
2025-10-01,,40657797,,
2025-10-01,,40657706,,
2025-Oct,,40650637,,
2025-Oct,,40650558,,
2025-Oct,,40641301,,
2025-10-01,,40621839,,
2025-10-01,,40619980,,
2025-10-01,,40614254,,
2025-Oct,,40600912,,
2025-Oct,,40600904,,
2025-Oct,,40600893,,
2025-Oct,,40600346,,
2025-10-01,,40587220,,
2025-10-01,,40587156,,
2025-10-01,,40587119,,
2025-10-01,,40587092,,
2025-Oct,,40586428,,
2025-Oct,,40583601,,
2025-Oct,,40568791,,
2025-Oct,,40557780,,
2025-Oct,,40548759,,
2025-Oct,,40546126,,
2025-Oct,,40546085,,
2025-Oct,,40536310,,
2025-Oct,,40536288,,
2025-Oct,,40530780,,
2025-Oct,,40530770,,
2025-Oct,,40515521,,
2025-Oct,,40511877,,
2025-Oct,,40497692,,
2025-Oct,,40497688,,
2025-Oct,,40497639,,
2025-Oct,,40492397,,
2025-Oct,,40492386,,
2025-Oct,,40485641,,
2025-Oct,,40485640,,
2025-Oct,,40481803,,
2025-Oct,,40481755,,
2025-Oct,,40481740,,
2025-Oct,,40444945,,
2025-Oct,,40444408,,
2025-Oct,,40444406,,
2025-Oct,,40439037,,
2025-Oct,,40439006,,
2025-Oct,,40401825,,
2025-Oct,,40396584,,
2025-Oct,,40387279,,
2025-Oct,,40387265,,
2025-Oct,,40387017,,
2025-Oct,,40387008,,
2025-Oct,,40386824,,
2025-Oct,,40384632,,
2025-Oct,,40384602,,
2025-Oct,,40377211,,
2025-Oct,,40371996,,
2025-Oct,,40371962,,
2025-Oct,,40371737,,
2025-Oct,,40364730,,
2025-Oct,,40359321,,
2025-Oct,,40359314,,
2025-Oct,,40355346,,
2025-Oct,,40355345,,
2025-Oct,,40353761,,
2025-Oct,,40353737,,
2025-Oct,,40346862,,
2025-Oct,,40346859,,
2025-Oct,,40346847,,
2025-Oct,,40346846,,
2025-Oct,,40346843,,
2025-Oct,,40344225,,
2025-Oct,,40342158,,
2025-Oct,,40342152,,
2025-Oct,,40342052,,
2025-Oct,,40331800,,
2025-Oct,,40326261,,
2025-Oct,,40323191,,
2025-Oct,,40323157,,
2025-Oct,,40323123,,
2025-Oct,,40298521,,
2025-Oct,,40293065,,
2025-Oct,,40278341,,
2025-Oct,,40277459,,
2025-Oct,,40277452,,
2025-Oct,,40265744,,
2025-Oct,,40257275,,
2025-Oct,,40257263,,
2025-Oct,,40237602,,
2025-Oct,,40227970,,
2025-Oct,,40227955,,
2025-Oct,,40227117,,
2025-Oct,,39172002,,
